﻿<?xml version="1.0" encoding="utf-8"?>
<Contacts>
  <Contact>
    <Id>D8B64C93-5A62-DA6C-7ABE-E0D80E416CEC</Id>
    <FirstName>Candice</FirstName>
    <LastName>Waters</LastName>
    <Email>dis.parturient.montes@ullamcorpereueuismod.ca</Email>
  </Contact>
  <Contact>
    <Id>BBC6E10C-95C9-EA47-DFE9-F3619C22F06D</Id>
    <FirstName>Jeanette</FirstName>
    <LastName>Stephenson</LastName>
    <Email>aliquet@mollisnon.net</Email>
  </Contact>
  <Contact>
    <Id>90BC1F0D-A18B-EE8F-2192-BC78FBDF9DA4</Id>
    <FirstName>Buffy</FirstName>
    <LastName>Eaton</LastName>
    <Email>diam.eu@turpisegestasAliquam.net</Email>
  </Contact>
  <Contact>
    <Id>13F08C81-52DD-A6AF-088B-D3093E50D457</Id>
    <FirstName>Gabriel</FirstName>
    <LastName>Potts</LastName>
    <Email>Aenean@dictum.net</Email>
  </Contact>
  <Contact>
    <Id>E18A75EF-23D2-00D8-249D-0122C5D16002</Id>
    <FirstName>Blake</FirstName>
    <LastName>Rich</LastName>
    <Email>sed.orci.lobortis@variusultricesmauris.ca</Email>
  </Contact>
  <Contact>
    <Id>45ACBF35-FEFD-1CCD-EB56-C38C246F7F9B</Id>
    <FirstName>Hilary</FirstName>
    <LastName>Cervantes</LastName>
    <Email>nunc@quisdiam.ca</Email>
  </Contact>
  <Contact>
    <Id>F5BE1969-7EB7-8E6C-34F5-596A76DD8DA0</Id>
    <FirstName>Caldwell</FirstName>
    <LastName>Allen</LastName>
    <Email>erat.eget@ullamcorper.com</Email>
  </Contact>
  <Contact>
    <Id>D5192611-4C38-1895-F3F3-F306FC0BFE7D</Id>
    <FirstName>Kirestin</FirstName>
    <LastName>Gaines</LastName>
    <Email>turpis.egestas.Fusce@utquam.org</Email>
  </Contact>
  <Contact>
    <Id>165A8D90-D9A6-8C45-55A5-247AC6DB429D</Id>
    <FirstName>Jemima</FirstName>
    <LastName>Rich</LastName>
    <Email>convallis@nasceturridiculusmus.net</Email>
  </Contact>
  <Contact>
    <Id>CD406004-4AC7-D36B-A9B6-81142B406002</Id>
    <FirstName>Akeem</FirstName>
    <LastName>Cross</LastName>
    <Email>morbi.tristique.senectus@apurus.co.uk</Email>
  </Contact>
  <Contact>
    <Id>497C9F2A-811D-372D-FC21-D5D2A2C801CC</Id>
    <FirstName>Nerea</FirstName>
    <LastName>Pickett</LastName>
    <Email>odio@diamDuismi.co.uk</Email>
  </Contact>
  <Contact>
    <Id>BE8EA4CF-6AA8-258F-4467-82E1144C2857</Id>
    <FirstName>Sheila</FirstName>
    <LastName>Goff</LastName>
    <Email>magna@ornare.co.uk</Email>
  </Contact>
  <Contact>
    <Id>CD004595-84DA-1DC7-89B8-A56EF49DC56A</Id>
    <FirstName>Pascale</FirstName>
    <LastName>Holland</LastName>
    <Email>gravida.non.sollicitudin@aaliquetvel.net</Email>
  </Contact>
  <Contact>
    <Id>620BA72D-577E-6897-F595-A7F3383DFFB4</Id>
    <FirstName>Tyler</FirstName>
    <LastName>Joyner</LastName>
    <Email>interdum.Sed.auctor@luctussit.edu</Email>
  </Contact>
  <Contact>
    <Id>89A45A3B-031C-179E-BA72-B76CAC44871D</Id>
    <FirstName>Jena</FirstName>
    <LastName>Armstrong</LastName>
    <Email>vitae.erat.vel@vulputateduinec.com</Email>
  </Contact>
  <Contact>
    <Id>2DAE3623-6D39-88C9-78D4-3D0D8825A538</Id>
    <FirstName>Harding</FirstName>
    <LastName>Mcclain</LastName>
    <Email>nulla.In@etliberoProin.edu</Email>
  </Contact>
  <Contact>
    <Id>8C785A7C-2A04-E403-E9CC-10B24D02ADFD</Id>
    <FirstName>Erich</FirstName>
    <LastName>Barrera</LastName>
    <Email>Curae@eget.net</Email>
  </Contact>
  <Contact>
    <Id>45DD89A8-783B-A463-1B89-6C0FDD37D6BE</Id>
    <FirstName>Malik</FirstName>
    <LastName>Acevedo</LastName>
    <Email>pretium.et@Curabiturut.org</Email>
  </Contact>
  <Contact>
    <Id>543530D1-C0F2-14E3-687C-116944D0D56B</Id>
    <FirstName>Alec</FirstName>
    <LastName>Chandler</LastName>
    <Email>tristique.aliquet.Phasellus@malesuadautsem.ca</Email>
  </Contact>
  <Contact>
    <Id>D47A0C0E-98D8-9F8C-B9F0-4E53FFDA8BDA</Id>
    <FirstName>Maggy</FirstName>
    <LastName>Blackwell</LastName>
    <Email>arcu.eu@massa.edu</Email>
  </Contact>
  <Contact>
    <Id>A026E100-681F-5419-373E-8D5B63B51A91</Id>
    <FirstName>Nevada</FirstName>
    <LastName>Wolf</LastName>
    <Email>facilisis.vitae@malesuada.com</Email>
  </Contact>
  <Contact>
    <Id>F8528DC1-1213-425B-1823-A8B376D4923A</Id>
    <FirstName>Aspen</FirstName>
    <LastName>Duffy</LastName>
    <Email>non.enim@aliquet.net</Email>
  </Contact>
  <Contact>
    <Id>5407EAAD-4249-E2ED-3336-EBE63185A55D</Id>
    <FirstName>Reagan</FirstName>
    <LastName>Mckee</LastName>
    <Email>ipsum.primis@sapien.ca</Email>
  </Contact>
  <Contact>
    <Id>743C25BA-3202-77F2-A01F-AFDA92654AA4</Id>
    <FirstName>Belle</FirstName>
    <LastName>Yang</LastName>
    <Email>ante.blandit.viverra@imperdiet.ca</Email>
  </Contact>
  <Contact>
    <Id>8C971F1A-71A3-002B-1F85-1EC78AA72435</Id>
    <FirstName>Kay</FirstName>
    <LastName>Lott</LastName>
    <Email>risus@orci.com</Email>
  </Contact>
  <Contact>
    <Id>575B53BF-CE9F-C4AE-620E-63A4D8F33823</Id>
    <FirstName>John</FirstName>
    <LastName>Haney</LastName>
    <Email>mollis.Phasellus@condimentum.ca</Email>
  </Contact>
  <Contact>
    <Id>74B9D14D-561A-3B70-6904-A884392D86F6</Id>
    <FirstName>Damon</FirstName>
    <LastName>Gillespie</LastName>
    <Email>amet@massaQuisque.com</Email>
  </Contact>
  <Contact>
    <Id>7812DBEA-EF04-D319-9F15-4CC2086F2502</Id>
    <FirstName>Raja</FirstName>
    <LastName>Wilkinson</LastName>
    <Email>eget@Integeraliquamadipiscing.co.uk</Email>
  </Contact>
  <Contact>
    <Id>AEC733DA-6BA6-7A02-5323-3420E0887D5A</Id>
    <FirstName>Dora</FirstName>
    <LastName>Fletcher</LastName>
    <Email>molestie.arcu.Sed@Morbi.net</Email>
  </Contact>
  <Contact>
    <Id>5B47CA71-FD19-3429-EF59-FE3EF56FE97A</Id>
    <FirstName>Ocean</FirstName>
    <LastName>Clark</LastName>
    <Email>lorem.ipsum.sodales@leoelementum.net</Email>
  </Contact>
  <Contact>
    <Id>CEFFF82E-C385-1FBA-F853-2F89385D647B</Id>
    <FirstName>Oscar</FirstName>
    <LastName>Romero</LastName>
    <Email>ut.pellentesque.eget@Integerurna.co.uk</Email>
  </Contact>
  <Contact>
    <Id>51465906-1A67-0037-8C9D-B6EE86E80A63</Id>
    <FirstName>Eleanor</FirstName>
    <LastName>Mclaughlin</LastName>
    <Email>parturient@sodalesMauris.edu</Email>
  </Contact>
  <Contact>
    <Id>E7BE4C03-2E54-8303-A546-7C3106918142</Id>
    <FirstName>Stuart</FirstName>
    <LastName>Stephens</LastName>
    <Email>non@odio.org</Email>
  </Contact>
  <Contact>
    <Id>575C38A4-EC35-A79A-3B6F-864AE27FBEEA</Id>
    <FirstName>Jameson</FirstName>
    <LastName>Perry</LastName>
    <Email>euismod.est.arcu@facilisisfacilisismagna.org</Email>
  </Contact>
  <Contact>
    <Id>F60B2D95-D226-D480-F6DD-93F6F8A68ADE</Id>
    <FirstName>Noble</FirstName>
    <LastName>Sparks</LastName>
    <Email>Aliquam.rutrum.lorem@Suspendisseacmetus.org</Email>
  </Contact>
  <Contact>
    <Id>84FDB585-1E6D-32F6-F238-C057574172FB</Id>
    <FirstName>Janna</FirstName>
    <LastName>Joseph</LastName>
    <Email>eget.volutpat.ornare@gravidamolestiearcu.ca</Email>
  </Contact>
  <Contact>
    <Id>2397F0EA-E939-2549-B150-3031EBC888BF</Id>
    <FirstName>Ashely</FirstName>
    <LastName>Roberson</LastName>
    <Email>sapien@vulputatemaurissagittis.net</Email>
  </Contact>
  <Contact>
    <Id>CADFDD6C-95A2-4BA6-040C-8F702EF3BCB0</Id>
    <FirstName>Brady</FirstName>
    <LastName>Bright</LastName>
    <Email>justo@aliquam.com</Email>
  </Contact>
  <Contact>
    <Id>98371285-40A6-F19C-FB6E-2A9E3B1CA507</Id>
    <FirstName>Carolyn</FirstName>
    <LastName>Moses</LastName>
    <Email>Phasellus.dapibus.quam@enim.net</Email>
  </Contact>
  <Contact>
    <Id>5D88FAEA-8315-8F2C-6D3F-23D375D5FC0B</Id>
    <FirstName>Yvette</FirstName>
    <LastName>Jackson</LastName>
    <Email>nonummy@aliquamenimnec.ca</Email>
  </Contact>
  <Contact>
    <Id>E99ABABC-66BD-C382-9F28-8AA1E7FFF6AA</Id>
    <FirstName>Denise</FirstName>
    <LastName>Ortiz</LastName>
    <Email>Suspendisse.aliquet.sem@velesttempor.ca</Email>
  </Contact>
  <Contact>
    <Id>1B10582E-73A2-8BAE-C6A5-FCD6C913CB0E</Id>
    <FirstName>Scarlett</FirstName>
    <LastName>Fleming</LastName>
    <Email>eget@Curabiturconsequat.com</Email>
  </Contact>
  <Contact>
    <Id>0C488E40-DA05-E092-610D-19AEC064C53D</Id>
    <FirstName>Cedric</FirstName>
    <LastName>Watts</LastName>
    <Email>purus.mauris.a@erosnectellus.org</Email>
  </Contact>
  <Contact>
    <Id>A5E2EA82-2A16-54A6-8281-C7ACDDF67661</Id>
    <FirstName>Zephania</FirstName>
    <LastName>Velazquez</LastName>
    <Email>imperdiet@nunc.net</Email>
  </Contact>
  <Contact>
    <Id>A9A3044F-0ECB-87DF-B910-BD648973B718</Id>
    <FirstName>Avram</FirstName>
    <LastName>Barlow</LastName>
    <Email>dignissim@vitaesodalesnisi.edu</Email>
  </Contact>
  <Contact>
    <Id>47E6C825-8613-6C54-EA61-A48473DB445B</Id>
    <FirstName>Zia</FirstName>
    <LastName>Dudley</LastName>
    <Email>Phasellus.dapibus.quam@lectussit.net</Email>
  </Contact>
  <Contact>
    <Id>F55C856E-AD15-E6C7-F0D3-49D6B52CEA39</Id>
    <FirstName>Emery</FirstName>
    <LastName>Becker</LastName>
    <Email>blandit@risus.co.uk</Email>
  </Contact>
  <Contact>
    <Id>38D2BAB5-8349-991B-FB27-4BF6B449D268</Id>
    <FirstName>Lunea</FirstName>
    <LastName>Cantrell</LastName>
    <Email>Suspendisse@vitae.org</Email>
  </Contact>
  <Contact>
    <Id>5EEE3FF7-F407-AE75-6986-E2E1A5FB2EE6</Id>
    <FirstName>Ulla</FirstName>
    <LastName>Burt</LastName>
    <Email>tincidunt.adipiscing.Mauris@pretium.co.uk</Email>
  </Contact>
  <Contact>
    <Id>58741CBE-916C-4A34-682D-D9442EE698FC</Id>
    <FirstName>Erich</FirstName>
    <LastName>Cabrera</LastName>
    <Email>id.magna.et@Fuscediamnunc.org</Email>
  </Contact>
  <Contact>
    <Id>9253E2EB-7844-B1B9-4C8F-E673A38EC292</Id>
    <FirstName>Brittany</FirstName>
    <LastName>Holcomb</LastName>
    <Email>ligula.Donec@mi.co.uk</Email>
  </Contact>
  <Contact>
    <Id>7DC8FBB2-EAE3-F3B6-8F13-3760CC184B7A</Id>
    <FirstName>Ronan</FirstName>
    <LastName>Bates</LastName>
    <Email>Phasellus.dapibus@orciadipiscing.net</Email>
  </Contact>
  <Contact>
    <Id>F223219E-ACC9-04CD-5905-D304AD1F616E</Id>
    <FirstName>Kellie</FirstName>
    <LastName>Norton</LastName>
    <Email>bibendum@dapibusligulaAliquam.co.uk</Email>
  </Contact>
  <Contact>
    <Id>67DB7352-0282-6E6F-2A43-424529040279</Id>
    <FirstName>Megan</FirstName>
    <LastName>House</LastName>
    <Email>augue.malesuada@nonante.edu</Email>
  </Contact>
  <Contact>
    <Id>6A78B265-5966-EC38-6700-C25C75F8A9BA</Id>
    <FirstName>Jerry</FirstName>
    <LastName>Oneill</LastName>
    <Email>elit.elit.fermentum@faucibus.co.uk</Email>
  </Contact>
  <Contact>
    <Id>200E8CBC-1F33-E6E3-902A-AE1B90932A70</Id>
    <FirstName>Aubrey</FirstName>
    <LastName>Klein</LastName>
    <Email>egestas.hendrerit@anteMaecenas.com</Email>
  </Contact>
  <Contact>
    <Id>E84BDBA0-F73C-BD0A-98B1-061CB38E286A</Id>
    <FirstName>MacKenzie</FirstName>
    <LastName>Ray</LastName>
    <Email>ac.nulla@idlibero.co.uk</Email>
  </Contact>
  <Contact>
    <Id>A75A50C2-1BED-14FE-1A17-2DFBC3600C42</Id>
    <FirstName>Oleg</FirstName>
    <LastName>Atkins</LastName>
    <Email>adipiscing.fringilla@Nullaegetmetus.net</Email>
  </Contact>
  <Contact>
    <Id>E2DBE63A-6F46-3C3B-638D-23B52B3C52EF</Id>
    <FirstName>Garrett</FirstName>
    <LastName>Rosales</LastName>
    <Email>per@nullavulputate.org</Email>
  </Contact>
  <Contact>
    <Id>D4501622-CFAF-6396-02DB-F079D562A1AC</Id>
    <FirstName>Octavia</FirstName>
    <LastName>Dennis</LastName>
    <Email>placerat.velit.Quisque@malesuadavel.org</Email>
  </Contact>
  <Contact>
    <Id>E8EBA7FC-79C2-A703-1C94-313EF4BEFB68</Id>
    <FirstName>Tad</FirstName>
    <LastName>Newman</LastName>
    <Email>quis.tristique.ac@laciniaSedcongue.co.uk</Email>
  </Contact>
  <Contact>
    <Id>8FA01C2F-1F35-C777-F0B3-A434F2CEFCF4</Id>
    <FirstName>Risa</FirstName>
    <LastName>Dennis</LastName>
    <Email>nisl.sem@feugiatplacerat.net</Email>
  </Contact>
  <Contact>
    <Id>954FFF1C-0A2D-A3BE-EC61-E606C527A5BC</Id>
    <FirstName>Dana</FirstName>
    <LastName>Porter</LastName>
    <Email>Sed@amalesuada.com</Email>
  </Contact>
  <Contact>
    <Id>125FDFF5-2145-962D-7F58-099C4CCF2430</Id>
    <FirstName>Aurora</FirstName>
    <LastName>Simon</LastName>
    <Email>sit@primis.com</Email>
  </Contact>
  <Contact>
    <Id>822F8375-C646-D09F-5A9C-BBDDE0A0B430</Id>
    <FirstName>Acton</FirstName>
    <LastName>Lane</LastName>
    <Email>pellentesque.a@Vivamusmolestiedapibus.org</Email>
  </Contact>
  <Contact>
    <Id>770D8CA3-E141-6950-7CB7-2B3F6854CA45</Id>
    <FirstName>Malcolm</FirstName>
    <LastName>Bradshaw</LastName>
    <Email>dui@risusNulla.com</Email>
  </Contact>
  <Contact>
    <Id>A57BFA66-8E0D-6A5E-81F3-A101E22FB4FC</Id>
    <FirstName>Tara</FirstName>
    <LastName>Weaver</LastName>
    <Email>libero.Morbi.accumsan@auctorMaurisvel.com</Email>
  </Contact>
  <Contact>
    <Id>08A87506-8864-24F7-5613-F781771CCEA6</Id>
    <FirstName>Heather</FirstName>
    <LastName>Gonzales</LastName>
    <Email>Nullam.ut@eget.net</Email>
  </Contact>
  <Contact>
    <Id>D0371430-9C7B-A6A2-0188-22F18FE93708</Id>
    <FirstName>Lillith</FirstName>
    <LastName>Espinoza</LastName>
    <Email>felis.Donec@Maecenasiaculis.co.uk</Email>
  </Contact>
  <Contact>
    <Id>0DCFE3FA-82B6-7627-D626-2A20B49FD237</Id>
    <FirstName>Zia</FirstName>
    <LastName>Roach</LastName>
    <Email>hymenaeos.Mauris.ut@arcu.com</Email>
  </Contact>
  <Contact>
    <Id>57168086-423F-F37E-D3E6-0B5CE1D23431</Id>
    <FirstName>Iris</FirstName>
    <LastName>Ward</LastName>
    <Email>lacinia@euaugue.org</Email>
  </Contact>
  <Contact>
    <Id>9D918DFD-7AEF-BDF6-E5CF-CA32760259B4</Id>
    <FirstName>Cade</FirstName>
    <LastName>Hale</LastName>
    <Email>libero@magnaa.net</Email>
  </Contact>
  <Contact>
    <Id>FBBC1D53-846E-4D32-0E5F-D2948BE0DE1B</Id>
    <FirstName>Quinn</FirstName>
    <LastName>Fuentes</LastName>
    <Email>non.dui@Morbimetus.edu</Email>
  </Contact>
  <Contact>
    <Id>0F1EDB96-C26C-F69A-F16D-B4BA35B8DA3F</Id>
    <FirstName>Melvin</FirstName>
    <LastName>Vaughn</LastName>
    <Email>lorem.vehicula@Vivamus.net</Email>
  </Contact>
  <Contact>
    <Id>37D63A73-8DB0-084E-987A-1C6BB8F2D30C</Id>
    <FirstName>Arsenio</FirstName>
    <LastName>Grimes</LastName>
    <Email>Proin.velit@aliquetmolestie.net</Email>
  </Contact>
  <Contact>
    <Id>D25995CC-3367-37A6-F685-9A6694338C62</Id>
    <FirstName>Zeph</FirstName>
    <LastName>Small</LastName>
    <Email>rhoncus.Nullam.velit@consequatdolorvitae.org</Email>
  </Contact>
  <Contact>
    <Id>68BA06AB-A95C-08A2-EAC0-961F0E107B6D</Id>
    <FirstName>Chandler</FirstName>
    <LastName>Mcclain</LastName>
    <Email>consectetuer.mauris.id@sitametrisus.com</Email>
  </Contact>
  <Contact>
    <Id>0B47348C-C5E2-7FD3-9A37-3D6A83EFA5B0</Id>
    <FirstName>Georgia</FirstName>
    <LastName>Patton</LastName>
    <Email>Sed.nulla@tristiqueaceleifend.net</Email>
  </Contact>
  <Contact>
    <Id>94BE485C-46FB-E1E4-7B08-56D7148B3D81</Id>
    <FirstName>Ferdinand</FirstName>
    <LastName>Daniels</LastName>
    <Email>pretium.et.rutrum@ornarefacilisiseget.com</Email>
  </Contact>
  <Contact>
    <Id>0D30E569-8C87-EBE7-3D81-E21267226CCB</Id>
    <FirstName>Macy</FirstName>
    <LastName>Carver</LastName>
    <Email>Nulla.facilisi.Sed@etliberoProin.co.uk</Email>
  </Contact>
  <Contact>
    <Id>B9E06D82-FE08-24F5-CCAC-5B3B48A8F10F</Id>
    <FirstName>Jordan</FirstName>
    <LastName>Branch</LastName>
    <Email>mollis.nec.cursus@lorem.net</Email>
  </Contact>
  <Contact>
    <Id>443C88D7-7CA1-EB6E-285C-F175307385F9</Id>
    <FirstName>Aurora</FirstName>
    <LastName>Guerrero</LastName>
    <Email>lorem@Craseget.ca</Email>
  </Contact>
  <Contact>
    <Id>CB693E69-6D98-375A-F877-CA8B98617534</Id>
    <FirstName>Martha</FirstName>
    <LastName>Savage</LastName>
    <Email>erat.volutpat@sed.net</Email>
  </Contact>
  <Contact>
    <Id>44C967E1-F457-5441-B7BF-7CE7F92A7FCA</Id>
    <FirstName>Coby</FirstName>
    <LastName>Tanner</LastName>
    <Email>Sed.congue.elit@odioAliquamvulputate.ca</Email>
  </Contact>
  <Contact>
    <Id>B015BB26-983D-6DE9-E562-50DA607E32C1</Id>
    <FirstName>Kyle</FirstName>
    <LastName>Davidson</LastName>
    <Email>ac.mattis.velit@cursusvestibulum.org</Email>
  </Contact>
  <Contact>
    <Id>E45EBCFA-5ED5-0EF9-1213-70685C2B5B6C</Id>
    <FirstName>Zena</FirstName>
    <LastName>Small</LastName>
    <Email>adipiscing@id.com</Email>
  </Contact>
  <Contact>
    <Id>21EBC431-FED5-67E7-CAA9-7BA8403757A9</Id>
    <FirstName>Sloane</FirstName>
    <LastName>James</LastName>
    <Email>id@urna.ca</Email>
  </Contact>
  <Contact>
    <Id>B1B79214-6936-38D1-469A-6B516BC0A6A8</Id>
    <FirstName>Ori</FirstName>
    <LastName>Schwartz</LastName>
    <Email>velit.justo@Morbinequetellus.ca</Email>
  </Contact>
  <Contact>
    <Id>6F5D8755-27CA-713E-E752-5082771E5579</Id>
    <FirstName>Wyatt</FirstName>
    <LastName>Oconnor</LastName>
    <Email>dictum.eleifend@risusNunc.ca</Email>
  </Contact>
  <Contact>
    <Id>E84E1E64-4EED-9858-4FC7-D905B7F36F65</Id>
    <FirstName>Lane</FirstName>
    <LastName>Mayo</LastName>
    <Email>Cum.sociis.natoque@adipiscing.ca</Email>
  </Contact>
  <Contact>
    <Id>C5E75DCF-8A1A-1766-9451-74463A247C1C</Id>
    <FirstName>Ethan</FirstName>
    <LastName>Berry</LastName>
    <Email>in.dolor.Fusce@Sed.net</Email>
  </Contact>
  <Contact>
    <Id>DDFAE664-8821-A3E9-4BB2-9D19326F6FE4</Id>
    <FirstName>George</FirstName>
    <LastName>Robbins</LastName>
    <Email>ultricies.sem@Vivamuseuismod.edu</Email>
  </Contact>
  <Contact>
    <Id>F02AF996-33FC-F3E4-AECA-48123104484A</Id>
    <FirstName>Ria</FirstName>
    <LastName>Burns</LastName>
    <Email>aliquet.vel.vulputate@ipsumsodalespurus.org</Email>
  </Contact>
  <Contact>
    <Id>16B09B9D-4DD9-7E47-2456-638527C0F329</Id>
    <FirstName>Tamara</FirstName>
    <LastName>Dunlap</LastName>
    <Email>blandit@semutcursus.edu</Email>
  </Contact>
  <Contact>
    <Id>81072D9F-F05E-4492-2606-F0562D138D4F</Id>
    <FirstName>Geoffrey</FirstName>
    <LastName>Summers</LastName>
    <Email>Etiam.bibendum.fermentum@utmolestie.net</Email>
  </Contact>
  <Contact>
    <Id>662444E5-222A-0C7F-75C9-EDE98EC9CC23</Id>
    <FirstName>Chandler</FirstName>
    <LastName>Lott</LastName>
    <Email>enim@a.org</Email>
  </Contact>
  <Contact>
    <Id>4702B448-E8DA-34CF-692D-7A3AEE40C8C3</Id>
    <FirstName>Brenda</FirstName>
    <LastName>Dickerson</LastName>
    <Email>nisl.elementum.purus@sodales.org</Email>
  </Contact>
  <Contact>
    <Id>76852882-20D4-FF7C-EA9B-67C8BE6CD8B0</Id>
    <FirstName>Axel</FirstName>
    <LastName>Callahan</LastName>
    <Email>enim.gravida@etnetuset.edu</Email>
  </Contact>
  <Contact>
    <Id>c418ab4e-473c-440e-b1b7-978c675bdd3b</Id>
    <FirstName>Mattias</FirstName>
    <LastName>Thander</LastName>
    <Email>mattias@devoid.se</Email>
  </Contact>
</Contacts>